story,variable,value
eng1,eng1,0
rus2,eng1,0.3686386461401418
fre3,eng1,0.4391200002681382
eng4,eng1,0.3957871963202822
eng1,rus2,0.3686386461401418
rus2,rus2,0
fre3,rus2,0.3012915132055446
eng4,rus2,0.39065405196647385
eng1,fre3,0.4391200002681382
rus2,fre3,0.3012915132055446
fre3,fre3,0
eng4,fre3,0.19720145379991777
eng1,eng4,0.3957871963202822
rus2,eng4,0.39065405196647385
fre3,eng4,0.19720145379991777
eng4,eng4,0
