story,variable,value
eng1,eng1,0
rus2,eng1,0.362824476719882
fre3,eng1,0.4156558571204602
eng4,eng1,0.3738620543613315
eng1,rus2,0.362824476719882
rus2,rus2,0
fre3,rus2,0.29432064638461175
eng4,rus2,0.36183193337289277
eng1,fre3,0.4156558571204602
rus2,fre3,0.29432064638461175
fre3,fre3,0
eng4,fre3,0.18281534574061928
eng1,eng4,0.3738620543613315
rus2,eng4,0.36183193337289277
fre3,eng4,0.18281534574061928
eng4,eng4,0
