story,variable,value
eng1,eng1,0
rus2,eng1,0.3731571546756238
fre3,eng1,0.43560413751557864
eng4,eng1,0.39156892732013454
eng1,rus2,0.3731571546756238
rus2,rus2,0
fre3,rus2,0.3000931835366033
eng4,rus2,0.36540166750423875
eng1,fre3,0.43560413751557864
rus2,fre3,0.3000931835366033
fre3,fre3,0
eng4,fre3,0.18494879244506565
eng1,eng4,0.39156892732013454
rus2,eng4,0.36540166750423875
fre3,eng4,0.18494879244506565
eng4,eng4,0
